<!-- File generated from ../../project1_MSS_MSS_CM3_0_hw_platform/CMSIS/startup_gcc/debug-in-actel-smartfusion-envm.ld -->
<board>
 <properties>
  <property name="system-v6-m"/>
 </properties>
 <memory-map>
    <memory-device address="0x60000000" size="256k" type="flash" device="actel-smartfusion-envm">
      <description>Flash</description>
    </memory-device>
    <memory-device address="0x00000000" size="256k" type="rom">
      <description>ROM</description>
    </memory-device>
    <memory-device address="0x20000000" size="64k" type="ram">
      <description>SRAM</description>
    </memory-device>
  </memory-map>
</board>
