<?xml version="1.0" encoding="ISO-8859-1" ?>
<?xml-stylesheet type="text/xsl" href="drcss.xsl"?>
<drcreport>
  <header>project1</header>
  <drc>
    <status>C:\Microsemi\Libero_v11.5\Designer/data/drcreport\warn.png</status>
    <StatusMessage>Warning</StatusMessage>
    <message>Floating Driver</message>
    <detail>Floating output pin project1_MSS_0:UART_0_RTS_N</detail>
    <crossprobe>liberoaction://cross_probe/smartdesign/project1/pins/project1_MSS_0:UART_0_RTS_N</crossprobe>
  </drc>
  <drc>
    <status>C:\Microsemi\Libero_v11.5\Designer/data/drcreport\warn.png</status>
    <StatusMessage>Warning</StatusMessage>
    <message>Floating Driver</message>
    <detail>Floating output pin project1_MSS_0:UART_0_DTR_N</detail>
    <crossprobe>liberoaction://cross_probe/smartdesign/project1/pins/project1_MSS_0:UART_0_DTR_N</crossprobe>
  </drc>
  <drc>
    <status>C:\Microsemi\Libero_v11.5\Designer/data/drcreport\error.png</status>
    <StatusMessage>Error</StatusMessage>
    <message>Undriven Pin</message>
    <detail>Unconnected input pin project1_MSS_0:UART_0_DSR_N</detail>
    <crossprobe>liberoaction://cross_probe/smartdesign/project1/pins/project1_MSS_0:UART_0_DSR_N</crossprobe>
  </drc>
  <drc>
    <status>C:\Microsemi\Libero_v11.5\Designer/data/drcreport\error.png</status>
    <StatusMessage>Error</StatusMessage>
    <message>Undriven Pin</message>
    <detail>Unconnected input pin project1_MSS_0:UART_0_CTS_N</detail>
    <crossprobe>liberoaction://cross_probe/smartdesign/project1/pins/project1_MSS_0:UART_0_CTS_N</crossprobe>
  </drc>
  <drc>
    <status>C:\Microsemi\Libero_v11.5\Designer/data/drcreport\error.png</status>
    <StatusMessage>Error</StatusMessage>
    <message>Undriven Pin</message>
    <detail>Unconnected input pin project1_MSS_0:UART_0_RI_N</detail>
    <crossprobe>liberoaction://cross_probe/smartdesign/project1/pins/project1_MSS_0:UART_0_RI_N</crossprobe>
  </drc>
  <drc>
    <status>C:\Microsemi\Libero_v11.5\Designer/data/drcreport\error.png</status>
    <StatusMessage>Error</StatusMessage>
    <message>Undriven Pin</message>
    <detail>Unconnected input pin project1_MSS_0:UART_0_DCD_N</detail>
    <crossprobe>liberoaction://cross_probe/smartdesign/project1/pins/project1_MSS_0:UART_0_DCD_N</crossprobe>
  </drc>
</drcreport>
